{
    "IoU 0.3 : ": {
        "OTHER": {
            "AP: ": 0.9896095416479547,
            "F1: ": 0.2064516246318817
        },
        "SERVICE": {
            "AP: ": 0.9976128105544557,
            "F1: ": 0.23080188035964966
        },
        "EXCHANGE": {
            "AP: ": 0.9737338317658413,
            "F1: ": 0.2208067774772644
        },
        "MAP": 0.9869853946560839,
        "F1": 0.2193534274895986
    },
    "IoU 0.4 : ": {
        "OTHER": {
            "AP: ": 0.9856972669839301,
            "F1: ": 0.2064516246318817
        },
        "SERVICE": {
            "AP: ": 0.9976128105544557,
            "F1: ": 0.23080188035964966
        },
        "EXCHANGE": {
            "AP: ": 0.9525038387191636,
            "F1: ": 0.2208067774772644
        },
        "MAP": 0.9786046387525165,
        "F1": 0.2193534274895986
    },
    "IoU 0.5 : ": {
        "OTHER": {
            "AP: ": 0.9799592907534844,
            "F1: ": 0.2064516246318817
        },
        "SERVICE": {
            "AP: ": 0.9976128105544557,
            "F1: ": 0.23080188035964966
        },
        "EXCHANGE": {
            "AP: ": 0.9310897221386183,
            "F1: ": 0.2186836451292038
        },
        "MAP": 0.9695539411488528,
        "F1": 0.2186457167069117
    },
    "IoU 0.6 : ": {
        "OTHER": {
            "AP: ": 0.9726294931474797,
            "F1: ": 0.2057724893093109
        },
        "SERVICE": {
            "AP: ": 0.988729656589352,
            "F1: ": 0.2299533486366272
        },
        "EXCHANGE": {
            "AP: ": 0.9076148764662788,
            "F1: ": 0.2154989242553711
        },
        "MAP": 0.9563246754010368,
        "F1": 0.21707492073376974
    },
    "IoU 0.7 : ": {
        "OTHER": {
            "AP: ": 0.9305091867646733,
            "F1: ": 0.20237690210342407
        },
        "SERVICE": {
            "AP: ": 0.8420047365681027,
            "F1: ": 0.21637675166130066
        },
        "EXCHANGE": {
            "AP: ": 0.8456231796884878,
            "F1: ": 0.21019108593463898
        },
        "MAP": 0.8727123676737546,
        "F1": 0.20964824656645456
    },
    "total mean Avearage Precision ": 0.9528362035264489,
    "F1 score Mean ": 0.21681514779726668
}