{
    "IoU 0.3 : ": {
        "OTHER": {
            "AP: ": 0.9903428778352108,
            "F1: ": 0.2564318776130676
        },
        "SERVICE": {
            "AP: ": 0.9996342743162643,
            "F1: ": 0.20029455423355103
        },
        "EXCHANGE": {
            "AP: ": 0.9737477565957757,
            "F1: ": 0.1991424560546875
        },
        "MAP": 0.9879083029157503,
        "F1": 0.2186229626337687
    },
    "IoU 0.4 : ": {
        "OTHER": {
            "AP: ": 0.9881485998854842,
            "F1: ": 0.2564318776130676
        },
        "SERVICE": {
            "AP: ": 0.9996342743162643,
            "F1: ": 0.20029455423355103
        },
        "EXCHANGE": {
            "AP: ": 0.9641433755789386,
            "F1: ": 0.1991424560546875
        },
        "MAP": 0.9839754165935624,
        "F1": 0.2186229626337687
    },
    "IoU 0.5 : ": {
        "OTHER": {
            "AP: ": 0.9827029579848432,
            "F1: ": 0.2564318776130676
        },
        "SERVICE": {
            "AP: ": 0.9955515036858209,
            "F1: ": 0.19955818355083466
        },
        "EXCHANGE": {
            "AP: ": 0.9469916905941629,
            "F1: ": 0.1981896162033081
        },
        "MAP": 0.9750820507549424,
        "F1": 0.2180598924557368
    },
    "IoU 0.6 : ": {
        "OTHER": {
            "AP: ": 0.9749670153618464,
            "F1: ": 0.2555883526802063
        },
        "SERVICE": {
            "AP: ": 0.9768788622242335,
            "F1: ": 0.19955818355083466
        },
        "EXCHANGE": {
            "AP: ": 0.9205772571656228,
            "F1: ": 0.19533111155033112
        },
        "MAP": 0.9574743782505676,
        "F1": 0.21682588259379068
    },
    "IoU 0.7 : ": {
        "OTHER": {
            "AP: ": 0.9422897404026989,
            "F1: ": 0.25137072801589966
        },
        "SERVICE": {
            "AP: ": 0.9015421750191202,
            "F1: ": 0.1966126561164856
        },
        "EXCHANGE": {
            "AP: ": 0.8555037693811043,
            "F1: ": 0.18866127729415894
        },
        "MAP": 0.8997785616009745,
        "F1": 0.2122148871421814
    },
    "total mean Avearage Precision ": 0.9608437420231594,
    "F1 score Mean ": 0.21686931749184923
}