{
    "IoU 0.1 : ": {
        "OTH": {
            "AP: ": 0.6846789955478965,
            "F1: ": 0.33434417843818665
        },
        "SFI": {
            "AP: ": 0.965477442368865,
            "F1: ": 0.21333332359790802
        },
        "SFF": {
            "AP: ": 0.7019530449032079,
            "F1: ": 0.1461794078350067
        },
        "SFL": {
            "AP: ": 0.6525735296308994,
            "F1: ": 0.05228757858276367
        },
        "SNI": {
            "AP: ": 0.9916902983981188,
            "F1: ": 0.25109487771987915
        },
        "SNF": {
            "AP: ": 0.926222724840045,
            "F1: ": 0.20711974799633026
        },
        "SNL": {
            "AP: ": 0.20512821152806282,
            "F1: ": 0.025316456332802773
        },
        "HFL": {
            "AP: ": 0.8980096822875012,
            "F1: ": 0.31742244958877563
        },
        "HFR": {
            "AP: ": 0.927097636146959,
            "F1: ": 0.31149300932884216
        },
        "HNL": {
            "AP: ": 0.9871760894378026,
            "F1: ": 0.2905983030796051
        },
        "HNR": {
            "AP: ": 0.9931029028175296,
            "F1: ": 0.35207822918891907
        },
        "MAP": 0.8121009598097171,
        "F1": 0.2273879601535472
    },
    "IoU 0.3 : ": {
        "OTH": {
            "AP: ": 0.633721596899985,
            "F1: ": 0.3131159842014313
        },
        "SFI": {
            "AP: ": 0.965477442368865,
            "F1: ": 0.21333332359790802
        },
        "SFF": {
            "AP: ": 0.7019530449032079,
            "F1: ": 0.1461794078350067
        },
        "SFL": {
            "AP: ": 0.6525735296308994,
            "F1: ": 0.05228757858276367
        },
        "SNI": {
            "AP: ": 0.9853694690213821,
            "F1: ": 0.25109487771987915
        },
        "SNF": {
            "AP: ": 0.926222724840045,
            "F1: ": 0.20711974799633026
        },
        "SNL": {
            "AP: ": 0.20512821152806282,
            "F1: ": 0.025316456332802773
        },
        "HFL": {
            "AP: ": 0.8980096822875012,
            "F1: ": 0.31742244958877563
        },
        "HFR": {
            "AP: ": 0.927097636146959,
            "F1: ": 0.31149300932884216
        },
        "HNL": {
            "AP: ": 0.9871760894378026,
            "F1: ": 0.2905983030796051
        },
        "HNR": {
            "AP: ": 0.9931029028175296,
            "F1: ": 0.35207822918891907
        },
        "MAP": 0.8068938481711126,
        "F1": 0.22545812431384216
    },
    "IoU 0.5 : ": {
        "OTH": {
            "AP: ": 0.5095573751941718,
            "F1: ": 0.235026553273201
        },
        "SFI": {
            "AP: ": 0.965477442368865,
            "F1: ": 0.21333332359790802
        },
        "SFF": {
            "AP: ": 0.7019530449032079,
            "F1: ": 0.1461794078350067
        },
        "SFL": {
            "AP: ": 0.6525735296308994,
            "F1: ": 0.05228757858276367
        },
        "SNI": {
            "AP: ": 0.9825993846320884,
            "F1: ": 0.24817520380020142
        },
        "SNF": {
            "AP: ": 0.926222724840045,
            "F1: ": 0.20711974799633026
        },
        "SNL": {
            "AP: ": 0.20512821152806282,
            "F1: ": 0.025316456332802773
        },
        "HFL": {
            "AP: ": 0.8980096822875012,
            "F1: ": 0.31742244958877563
        },
        "HFR": {
            "AP: ": 0.9152090291548642,
            "F1: ": 0.3093447983264923
        },
        "HNL": {
            "AP: ": 0.9871760894378026,
            "F1: ": 0.2905983030796051
        },
        "HNR": {
            "AP: ": 0.9931029028175296,
            "F1: ": 0.35207822918891907
        },
        "MAP": 0.7942735833450034,
        "F1": 0.2178983683274551
    },
    "IoU 0.7 : ": {
        "OTH": {
            "AP: ": 0.4592844147015138,
            "F1: ": 0.19257014989852905
        },
        "SFI": {
            "AP: ": 0.7857758046593517,
            "F1: ": 0.20000001788139343
        },
        "SFF": {
            "AP: ": 0.6000240134492465,
            "F1: ": 0.13289037346839905
        },
        "SFL": {
            "AP: ": 0.6525735296308994,
            "F1: ": 0.05228757858276367
        },
        "SNI": {
            "AP: ": 0.8691981463466512,
            "F1: ": 0.2306569516658783
        },
        "SNF": {
            "AP: ": 0.6346084792166948,
            "F1: ": 0.16828478872776031
        },
        "SNL": {
            "AP: ": 0.20512821152806282,
            "F1: ": 0.025316456332802773
        },
        "HFL": {
            "AP: ": 0.8410935989902688,
            "F1: ": 0.30310261249542236
        },
        "HFR": {
            "AP: ": 0.8150574004951867,
            "F1: ": 0.2857142984867096
        },
        "HNL": {
            "AP: ": 0.8884027883616632,
            "F1: ": 0.27350425720214844
        },
        "HNR": {
            "AP: ": 0.9432336175571177,
            "F1: ": 0.33985331654548645
        },
        "MAP": 0.6994890913578778,
        "F1": 0.2003800728442994
    },
    "IoU 0.9 : ": {
        "OTH": {
            "AP: ": 0.40602151524209873,
            "F1: ": 0.15996967256069183
        },
        "SFI": {
            "AP: ": 0.08364678989164531,
            "F1: ": 0.06666666269302368
        },
        "SFF": {
            "AP: ": 0.15141038926047767,
            "F1: ": 0.06644518673419952
        },
        "SFL": {
            "AP: ": 0.25,
            "F1: ": 0.013071894645690918
        },
        "SNI": {
            "AP: ": 0.07969822081085098,
            "F1: ": 0.07299269735813141
        },
        "SNF": {
            "AP: ": 0.019795842934399843,
            "F1: ": 0.03236246109008789
        },
        "SNL": {
            "AP: ": 0.1666666716337204,
            "F1: ": 0.012658228166401386
        },
        "HFL": {
            "AP: ": 0.21899751696462877,
            "F1: ": 0.14797134697437286
        },
        "HFR": {
            "AP: ": 0.27115171856631437,
            "F1: ": 0.13963478803634644
        },
        "HNL": {
            "AP: ": 0.24138159770464318,
            "F1: ": 0.13675212860107422
        },
        "HNR": {
            "AP: ": 0.2634413866395499,
            "F1: ": 0.15403422713279724
        },
        "MAP": 0.1956556045134845,
        "F1": 0.09114175399934704
    },
    "total mean Avearage Precision ": 0.6616826174394391,
    "F1 score Mean ": 0.19245325592769819
}