{
    "IoU 0.3 : ": {
        "OTHER": {
            "AP: ": 0.8220046478613794,
            "F1: ": 0.22535212337970734
        },
        "SERVICE": {
            "AP: ": 0.7793109215071552,
            "F1: ": 0.18102914094924927
        },
        "EXCHANGE": {
            "AP: ": 0.7747634900938056,
            "F1: ": 0.19224555790424347
        },
        "MAP": 0.7920263531541134,
        "F1": 0.19954227407773337
    },
    "IoU 0.4 : ": {
        "OTHER": {
            "AP: ": 0.753128453072226,
            "F1: ": 0.2197183072566986
        },
        "SERVICE": {
            "AP: ": 0.7640304928450394,
            "F1: ": 0.17854928970336914
        },
        "EXCHANGE": {
            "AP: ": 0.7684657045192615,
            "F1: ": 0.19063004851341248
        },
        "MAP": 0.7618748834788424,
        "F1": 0.19629921515782675
    },
    "IoU 0.5 : ": {
        "OTHER": {
            "AP: ": 0.7164086581535745,
            "F1: ": 0.20985916256904602
        },
        "SERVICE": {
            "AP: ": 0.7421520001380855,
            "F1: ": 0.176069438457489
        },
        "EXCHANGE": {
            "AP: ": 0.750211195091544,
            "F1: ": 0.1873990297317505
        },
        "MAP": 0.7362572844610679,
        "F1": 0.19110921025276184
    },
    "IoU 0.6 : ": {
        "OTHER": {
            "AP: ": 0.6935707672350018,
            "F1: ": 0.20563378930091858
        },
        "SERVICE": {
            "AP: ": 0.7240255813696437,
            "F1: ": 0.17234966158866882
        },
        "EXCHANGE": {
            "AP: ": 0.7157906201630411,
            "F1: ": 0.1841680109500885
        },
        "MAP": 0.7111289895892288,
        "F1": 0.1873838206132253
    },
    "IoU 0.7 : ": {
        "OTHER": {
            "AP: ": 0.6351004642779976,
            "F1: ": 0.1859154850244522
        },
        "SERVICE": {
            "AP: ": 0.6506500193971063,
            "F1: ": 0.16367018222808838
        },
        "EXCHANGE": {
            "AP: ": 0.6983178629204119,
            "F1: ": 0.17770598828792572
        },
        "MAP": 0.6613561155318386,
        "F1": 0.17576388518015543
    },
    "total mean Avearage Precision ": 0.7325287252430182,
    "F1 score Mean ": 0.19001968105634054
}