{
    "IoU 0.3 : ": {
        "OTH": {
            "AP: ": 0.7190715285929654,
            "F1: ": 0.32201531529426575
        },
        "SFI": {
            "AP: ": 0.9842066810281835,
            "F1: ": 0.4226415455341339
        },
        "SFF": {
            "AP: ": 0.8018341713232857,
            "F1: ": 0.31182795763015747
        },
        "SFL": {
            "AP: ": 0.17601692946050562,
            "F1: ": 0.11214953660964966
        },
        "SNI": {
            "AP: ": 0.9998751557572803,
            "F1: ": 0.32188063859939575
        },
        "SNF": {
            "AP: ": 0.9407351770293388,
            "F1: ": 0.3827160894870758
        },
        "SNL": {
            "AP: ": 0.5,
            "F1: ": 0.029411766678094864
        },
        "HFL": {
            "AP: ": 0.8631969183956141,
            "F1: ": 0.3915899991989136
        },
        "HFR": {
            "AP: ": 0.9121928378334658,
            "F1: ": 0.3937728703022003
        },
        "HNL": {
            "AP: ": 0.9624853864101262,
            "F1: ": 0.44374340772628784
        },
        "HNR": {
            "AP: ": 0.9911729484580185,
            "F1: ": 0.42453983426094055
        },
        "MAP": 0.8046170667535257,
        "F1": 0.3232989964837378
    },
    "IoU 0.4 : ": {
        "OTH": {
            "AP: ": 0.6859985279578202,
            "F1: ": 0.3059510886669159
        },
        "SFI": {
            "AP: ": 0.9842066810281835,
            "F1: ": 0.4226415455341339
        },
        "SFF": {
            "AP: ": 0.8018341713232857,
            "F1: ": 0.31182795763015747
        },
        "SFL": {
            "AP: ": 0.17601692946050562,
            "F1: ": 0.11214953660964966
        },
        "SNI": {
            "AP: ": 0.9998751557572803,
            "F1: ": 0.32188063859939575
        },
        "SNF": {
            "AP: ": 0.9407351770293388,
            "F1: ": 0.3827160894870758
        },
        "SNL": {
            "AP: ": 0.5,
            "F1: ": 0.029411766678094864
        },
        "HFL": {
            "AP: ": 0.8631969183956141,
            "F1: ": 0.3915899991989136
        },
        "HFR": {
            "AP: ": 0.9103886711360403,
            "F1: ": 0.3937728703022003
        },
        "HNL": {
            "AP: ": 0.9618611016476706,
            "F1: ": 0.44374340772628784
        },
        "HNR": {
            "AP: ": 0.9911729484580185,
            "F1: ": 0.42453983426094055
        },
        "MAP": 0.8013896620176143,
        "F1": 0.3218386122448878
    },
    "IoU 0.5 : ": {
        "OTH": {
            "AP: ": 0.6476212958384844,
            "F1: ": 0.2847754657268524
        },
        "SFI": {
            "AP: ": 0.9842066810281835,
            "F1: ": 0.4226415455341339
        },
        "SFF": {
            "AP: ": 0.8018341713232857,
            "F1: ": 0.31182795763015747
        },
        "SFL": {
            "AP: ": 0.17601692946050562,
            "F1: ": 0.11214953660964966
        },
        "SNI": {
            "AP: ": 0.9998751557572803,
            "F1: ": 0.32188063859939575
        },
        "SNF": {
            "AP: ": 0.9407351770293388,
            "F1: ": 0.3827160894870758
        },
        "SNL": {
            "AP: ": 0.5,
            "F1: ": 0.029411766678094864
        },
        "HFL": {
            "AP: ": 0.8553817317108159,
            "F1: ": 0.38896191120147705
        },
        "HFR": {
            "AP: ": 0.9039687496394038,
            "F1: ": 0.3919413983821869
        },
        "HNL": {
            "AP: ": 0.9561523106574477,
            "F1: ": 0.44164037704467773
        },
        "HNR": {
            "AP: ": 0.9836698441812253,
            "F1: ": 0.4220859110355377
        },
        "MAP": 0.7954056406023611,
        "F1": 0.3190938725390218
    },
    "IoU 0.6 : ": {
        "OTH": {
            "AP: ": 0.6079399715688814,
            "F1: ": 0.26067906618118286
        },
        "SFI": {
            "AP: ": 0.9825737794547784,
            "F1: ": 0.4226415455341339
        },
        "SFF": {
            "AP: ": 0.8018341713232857,
            "F1: ": 0.31182795763015747
        },
        "SFL": {
            "AP: ": 0.16214779620234587,
            "F1: ": 0.11214953660964966
        },
        "SNI": {
            "AP: ": 0.9164437851658129,
            "F1: ": 0.314647376537323
        },
        "SNF": {
            "AP: ": 0.9407351770293388,
            "F1: ": 0.3827160894870758
        },
        "SNL": {
            "AP: ": 0.5,
            "F1: ": 0.029411766678094864
        },
        "HFL": {
            "AP: ": 0.8451784150362869,
            "F1: ": 0.3810775578022003
        },
        "HFR": {
            "AP: ": 0.8860786950012969,
            "F1: ": 0.38827839493751526
        },
        "HNL": {
            "AP: ": 0.9535422341184621,
            "F1: ": 0.44164037704467773
        },
        "HNR": {
            "AP: ": 0.9752586622821582,
            "F1: ": 0.4196318984031677
        },
        "MAP": 0.7792484261075134,
        "F1": 0.31497286971319804
    },
    "IoU 0.7 : ": {
        "OTH": {
            "AP: ": 0.5659960197487353,
            "F1: ": 0.23804309964179993
        },
        "SFI": {
            "AP: ": 0.8810296986856667,
            "F1: ": 0.40754714608192444
        },
        "SFF": {
            "AP: ": 0.752806851755647,
            "F1: ": 0.29032260179519653
        },
        "SFL": {
            "AP: ": 0.1489899004198083,
            "F1: ": 0.09345794469118118
        },
        "SNI": {
            "AP: ": 0.8502288731405434,
            "F1: ": 0.3001808524131775
        },
        "SNF": {
            "AP: ": 0.8119263288099745,
            "F1: ": 0.3580246865749359
        },
        "SNL": {
            "AP: ": 0.5,
            "F1: ": 0.029411766678094864
        },
        "HFL": {
            "AP: ": 0.7840568125767557,
            "F1: ": 0.3653087913990021
        },
        "HFR": {
            "AP: ": 0.8123825250193324,
            "F1: ": 0.37179484963417053
        },
        "HNL": {
            "AP: ": 0.9105494859110896,
            "F1: ": 0.42271292209625244
        },
        "HNR": {
            "AP: ": 0.915355489408535,
            "F1: ": 0.4024539887905121
        },
        "MAP": 0.7212110895887353,
        "F1": 0.29811442270874977
    },
    "total mean Avearage Precision ": 0.7803743770139501,
    "F1 score Mean ": 0.315463754737919
}