{
    "IoU 0.3 : ": {
        "OTH": 0.7190715285929654,
        "SFI": 0.9842066810281835,
        "SFF": 0.8018341713232857,
        "SFL": 0.17601692946050562,
        "SNI": 0.9998751557572803,
        "SNF": 0.9407351770293388,
        "SNL": 0.5,
        "HFL": 0.8631969183956141,
        "HFR": 0.9121928378334658,
        "HNL": 0.9624853864101262,
        "HNR": 0.9911729484580185,
        "MAP": 0.8046170667535257
    },
    "IoU 0.4 : ": {
        "OTH": 0.6859985279578202,
        "SFI": 0.9842066810281835,
        "SFF": 0.8018341713232857,
        "SFL": 0.17601692946050562,
        "SNI": 0.9998751557572803,
        "SNF": 0.9407351770293388,
        "SNL": 0.5,
        "HFL": 0.8631969183956141,
        "HFR": 0.9103886711360403,
        "HNL": 0.9618611016476706,
        "HNR": 0.9911729484580185,
        "MAP": 0.8013896620176143
    },
    "IoU 0.5 : ": {
        "OTH": 0.6476212958384844,
        "SFI": 0.9842066810281835,
        "SFF": 0.8018341713232857,
        "SFL": 0.17601692946050562,
        "SNI": 0.9998751557572803,
        "SNF": 0.9407351770293388,
        "SNL": 0.5,
        "HFL": 0.8553817317108159,
        "HFR": 0.9039687496394038,
        "HNL": 0.9561523106574477,
        "HNR": 0.9836698441812253,
        "MAP": 0.7954056406023611
    },
    "IoU 0.6 : ": {
        "OTH": 0.6079399715688814,
        "SFI": 0.9825737794547784,
        "SFF": 0.8018341713232857,
        "SFL": 0.16214779620234587,
        "SNI": 0.9164437851658129,
        "SNF": 0.9407351770293388,
        "SNL": 0.5,
        "HFL": 0.8451784150362869,
        "HFR": 0.8860786950012969,
        "HNL": 0.9535422341184621,
        "HNR": 0.9752586622821582,
        "MAP": 0.7792484261075134
    },
    "IoU 0.7 : ": {
        "OTH": 0.5659960197487353,
        "SFI": 0.8810296986856667,
        "SFF": 0.752806851755647,
        "SFL": 0.1489899004198083,
        "SNI": 0.8502288731405434,
        "SNF": 0.8119263288099745,
        "SNL": 0.5,
        "HFL": 0.7840568125767557,
        "HFR": 0.8123825250193324,
        "HNL": 0.9105494859110896,
        "HNR": 0.915355489408535,
        "MAP": 0.7212110895887353
    },
    "total mean average ": 0.7803743770139501
}