{
    "IoU 0.3 : ": {
        "OTH": {
            "AP: ": 0.6851440406778835,
            "F1: ": 0.3033401370048523
        },
        "SFI": {
            "AP: ": 0.9831613656397984,
            "F1: ": 0.4117646813392639
        },
        "SFF": {
            "AP: ": 0.736802613793083,
            "F1: ": 0.25531914830207825
        },
        "SFL": {
            "AP: ": 0.1764705926179886,
            "F1: ": 0.0839160829782486
        },
        "SNI": {
            "AP: ": 0.9971285817551703,
            "F1: ": 0.4009009003639221
        },
        "SNF": {
            "AP: ": 0.9616308802983387,
            "F1: ": 0.3115577697753906
        },
        "SNL": {
            "AP: ": 0.5,
            "F1: ": 0.027027027681469917
        },
        "HFL": {
            "AP: ": 0.8616933773641904,
            "F1: ": 0.41208788752555847
        },
        "HFR": {
            "AP: ": 0.9165975782777902,
            "F1: ": 0.436289519071579
        },
        "HNL": {
            "AP: ": 0.9804831239777396,
            "F1: ": 0.45708152651786804
        },
        "HNR": {
            "AP: ": 0.9938177966179751,
            "F1: ": 0.46133333444595337
        },
        "MAP": 0.7993572682745416,
        "F1": 0.32369254681874404
    },
    "IoU 0.4 : ": {
        "OTH": {
            "AP: ": 0.6619744069918188,
            "F1: ": 0.29107019305229187
        },
        "SFI": {
            "AP: ": 0.9831613656397984,
            "F1: ": 0.4117646813392639
        },
        "SFF": {
            "AP: ": 0.736802613793083,
            "F1: ": 0.25531914830207825
        },
        "SFL": {
            "AP: ": 0.1764705926179886,
            "F1: ": 0.0839160829782486
        },
        "SNI": {
            "AP: ": 0.9971285817551703,
            "F1: ": 0.4009009003639221
        },
        "SNF": {
            "AP: ": 0.9616308802983387,
            "F1: ": 0.3115577697753906
        },
        "SNL": {
            "AP: ": 0.5,
            "F1: ": 0.027027027681469917
        },
        "HFL": {
            "AP: ": 0.8616933773641904,
            "F1: ": 0.41208788752555847
        },
        "HFR": {
            "AP: ": 0.9138894218402924,
            "F1: ": 0.4342508018016815
        },
        "HNL": {
            "AP: ": 0.9804831239777396,
            "F1: ": 0.45708152651786804
        },
        "HNR": {
            "AP: ": 0.9938177966179751,
            "F1: ": 0.46133333444595337
        },
        "MAP": 0.7970047418996722,
        "F1": 0.32239175943488424
    },
    "IoU 0.5 : ": {
        "OTH": {
            "AP: ": 0.6390298594807033,
            "F1: ": 0.27880027890205383
        },
        "SFI": {
            "AP: ": 0.9831613656397984,
            "F1: ": 0.4117646813392639
        },
        "SFF": {
            "AP: ": 0.736802613793083,
            "F1: ": 0.25531914830207825
        },
        "SFL": {
            "AP: ": 0.1764705926179886,
            "F1: ": 0.0839160829782486
        },
        "SNI": {
            "AP: ": 0.9971285817551703,
            "F1: ": 0.4009009003639221
        },
        "SNF": {
            "AP: ": 0.9616308802983387,
            "F1: ": 0.3115577697753906
        },
        "SNL": {
            "AP: ": 0.5,
            "F1: ": 0.027027027681469917
        },
        "HFL": {
            "AP: ": 0.858778225678348,
            "F1: ": 0.40934064984321594
        },
        "HFR": {
            "AP: ": 0.9138894218402924,
            "F1: ": 0.4342508018016815
        },
        "HNL": {
            "AP: ": 0.9804831239777396,
            "F1: ": 0.45708152651786804
        },
        "HNR": {
            "AP: ": 0.9828887445079069,
            "F1: ": 0.4560000002384186
        },
        "MAP": 0.7936603099626699,
        "F1": 0.3205417152494192
    },
    "IoU 0.6 : ": {
        "OTH": {
            "AP: ": 0.601481022854311,
            "F1: ": 0.25357872247695923
        },
        "SFI": {
            "AP: ": 0.9697977716855846,
            "F1: ": 0.4117646813392639
        },
        "SFF": {
            "AP: ": 0.736802613793083,
            "F1: ": 0.25531914830207825
        },
        "SFL": {
            "AP: ": 0.1764705926179886,
            "F1: ": 0.0839160829782486
        },
        "SNI": {
            "AP: ": 0.9108170536985938,
            "F1: ": 0.38738739490509033
        },
        "SNF": {
            "AP: ": 0.925753615417964,
            "F1: ": 0.3015075623989105
        },
        "SNL": {
            "AP: ": 0.5,
            "F1: ": 0.027027027681469917
        },
        "HFL": {
            "AP: ": 0.858778225678348,
            "F1: ": 0.40934064984321594
        },
        "HFR": {
            "AP: ": 0.8963492339668082,
            "F1: ": 0.42813459038734436
        },
        "HNL": {
            "AP: ": 0.9780973317072057,
            "F1: ": 0.45708152651786804
        },
        "HNR": {
            "AP: ": 0.9771949900814629,
            "F1: ": 0.4533333480358124
        },
        "MAP": 0.7755947683183045,
        "F1": 0.3153082486242056
    },
    "IoU 0.7 : ": {
        "OTH": {
            "AP: ": 0.5688496468539741,
            "F1: ": 0.23449215292930603
        },
        "SFI": {
            "AP: ": 0.863662561532528,
            "F1: ": 0.3970588445663452
        },
        "SFF": {
            "AP: ": 0.7293007452661673,
            "F1: ": 0.2468085139989853
        },
        "SFL": {
            "AP: ": 0.14402306251572394,
            "F1: ": 0.0839160829782486
        },
        "SNI": {
            "AP: ": 0.8471745010200618,
            "F1: ": 0.37387385964393616
        },
        "SNF": {
            "AP: ": 0.8288838550554871,
            "F1: ": 0.29145729541778564
        },
        "SNL": {
            "AP: ": 0.5,
            "F1: ": 0.027027027681469917
        },
        "HFL": {
            "AP: ": 0.8135772755225208,
            "F1: ": 0.39560437202453613
        },
        "HFR": {
            "AP: ": 0.870456793831131,
            "F1: ": 0.42405709624290466
        },
        "HNL": {
            "AP: ": 0.9323559814046156,
            "F1: ": 0.43991413712501526
        },
        "HNR": {
            "AP: ": 0.9138678941419975,
            "F1: ": 0.4346666634082794
        },
        "MAP": 0.728377483376746,
        "F1": 0.3044432769106193
    },
    "total mean Avearage Precision ": 0.7787989143663868,
    "F1 score Mean ": 0.3172755094075745
}